,open,high,low,close,adjClose
0,364.38,372.3,362.61,370.53,370.53
1,368.02,370.39,360.88,363.38,363.38
2,366.41,370.21,363.03,364.31,364.31
3,370.58,370.62,363.29,367.95,367.95
4,376.58,378.3,373.44,374.22,374.22
5,386.11,389.31,377.38,377.39,377.39
6,385.06,386.12,381.2,384.09,384.09
7,382.26,388.55,382.18,388.55,388.55
8,384.14,386.25,382.11,385.56,385.56
9,392.96,395.96,388.78,390.12,390.12
10,394.47,396.2,391.12,394.6,394.6
11,401.83,403.1,391.92,393.1,393.1
12,408.78,411.73,408.46,410.97,410.97
13,402.74,407.51,402.46,406.6,406.6
14,395.39,400.86,394.12,400.38,400.38
15,390.43,398.59,390.21,397.78,397.78
16,393.13,394.12,388.42,390.76,390.76
17,400.28,401.56,390.33,392.24,392.24
18,392.89,396.78,390.04,396.42,396.42
19,399.93,401.24,395.04,395.18,395.18
20,403.85,404.1,396.0,398.21,398.21
21,402.2,405.84,401.2,402.63,402.63
22,419.39,419.96,405.25,405.31,405.31
23,415.24,419.56,414.09,419.51,419.51
24,412.11,415.11,411.39,413.67,413.67
25,412.9,415.42,411.77,412.35,412.35
26,417.05,417.23,412.4,413.35,413.35
27,424.98,425.26,421.22,422.14,422.14
28,426.86,428.61,425.5,427.89,427.89
29,425.91,429.5,424.54,426.65,426.65
30,427.73,431.73,426.88,429.7,429.7
31,424.77,429.41,424.71,428.86,428.86
32,422.03,427.21,421.05,427.1,427.1
33,422.99,424.95,419.21,419.99,419.99
34,418.78,420.14,416.72,419.99,419.99
35,412.22,412.75,410.22,411.35,411.35
36,415.25,417.62,411.83,412.99,412.99
37,409.66,414.14,409.61,413.47,413.47
38,414.37,415.09,412.44,414.17,414.17
39,410.3,415.68,410.0,414.45,414.45
40,409.12,413.0,406.83,408.06,408.06
41,409.15,413.395,408.41,410.77,410.77
42,407.58,413.03,406.77,411.99,411.99
43,401.89,406.8,398.15,406.07,406.07
44,394.36,402.88,394.05,401.04,401.04
45,393.84,394.06,389.95,390.89,390.89
46,395.75,396.47,393.21,395.57,395.57
47,398.92,400.18,392.75,395.09,395.09
48,394.16,398.84,391.64,398.79,398.79
49,392.47,396.26,391.03,394.77,394.77
50,386.08,392.87,385.39,392.27,392.27
51,388.38,389.09,380.66,381.95,381.95
52,382.55,385.25,380.54,385.13,385.13
53,373.61,379.05,371.04,377.91,377.91
54,375.1,381.92,374.66,378.83,378.83
55,383.65,386.16,378.99,380.83,380.83
56,385.85,386.87,383.5,384.23,384.23
57,387.27,390.64,385.66,388.67,388.67
58,385.12,389.83,383.27,388.99,388.99
59,382.11,385.87,379.6,383.25,383.25
60,375.88,381.98,372.9,381.96,381.96
61,376.56,381.7,373.8,381.24,381.24
62,376.24,380.6582,372.56,377.25,377.25
63,381.23,382.27,378.42,380.34,380.34
64,390.23,393.16,380.53,380.65,380.65
65,391.05,391.36,387.44,388.59,388.59
66,381.4,390.09,381.365,390.08,390.08
67,376.64,378.83,372.89,378.06,378.06
68,370.62,378.72,370.18,374.39,374.39
69,371.89,376.525,371.81,375.07,375.07
70,365.51,369.38,362.17,365.86,365.86
71,370.51,370.94,364.0799,366.65,366.65
72,377.36,383.9,372.12,379.2,379.2
73,376.85,377.94,370.59,373.87,373.87
74,379.85,381.81,373.3,375.0,375.0
75,394.88,395.7777,389.75,389.8,389.8
76,409.34,411.74,401.44,401.44,401.44
77,413.93,415.82,410.38,411.22,411.22
78,408.1,416.22,407.61,415.74,415.74
79,414.78,416.609,410.5523,411.79,411.79
80,412.4,414.04,409.51,410.54,410.54
81,409.42,417.44,407.04,417.39,417.39
82,415.17,416.24,406.93,409.59,409.59
83,413.55,416.46,410.03,412.93,412.93
84,407.91,415.3801,407.7,415.26,415.26
85,398.67,407.04,398.45,405.31,405.31
86,392.31,399.45,391.89,397.37,397.37
87,392.56,395.15,386.96,393.89,393.89
88,392.83,397.73,390.38,396.92,396.92
89,393.25,397.03,380.54,389.63,389.63
90,388.62,394.14,387.11,389.46,389.46
91,403.5,403.8,390.55,391.86,391.86
92,406.53,408.57,402.5824,408.32,408.32
93,399.98,403.97,397.6,400.09,400.09
94,396.71,403.18,395.61,401.72,401.72
95,389.37,395.8,385.15,392.34,392.34
96,398.07,404.04,391.96,392.75,392.75
97,404.49,406.08,394.82,399.09,399.09
98,405.1,406.41,396.5,398.17,398.17
99,411.1,414.8,405.73,411.34,411.34
100,424.55,425.0,409.44,413.81,413.81
101,417.08,429.66,413.7099,429.06,429.06
102,415.01,418.93,413.36,416.38,416.38
103,412.07,415.92,405.02,414.48,414.48
104,423.59,425.87,411.21,412.0,412.0
105,422.29,429.64,417.6,427.81,427.81
106,417.24,422.92,415.01,417.27,417.27
107,425.83,426.04,416.07,416.1,416.1
108,423.67,428.69,418.84,428.51,428.51
109,436.91,438.0825,425.44,426.04,426.04
110,448.54,450.01,437.1,438.06,438.06
111,446.92,447.57,443.48,444.71,444.71
112,437.86,445.8,437.68,445.04,445.04
113,436.81,439.75,435.61,437.97,437.97
114,443.55,444.7301,437.68,437.79,437.79
115,438.03,444.11,437.84,443.31,443.31
116,443.08,445.75,436.6501,438.29,438.29
117,444.11,445.0,439.39,439.92,439.92
118,447.97,450.63,445.94,447.57,447.57
119,445.59,450.69,443.53,448.77,448.77
120,446.89,448.93,443.47,446.52,446.52
121,455.22,457.83,449.82,451.03,451.03
122,453.13,456.91,452.26,456.8,456.8
123,453.31,453.46,449.14,452.92,452.92
124,457.89,458.76,451.16,451.64,451.64
125,460.34,461.195,456.465,458.7,458.7
126,460.02,462.07,457.18,461.55,461.55
127,452.06,455.91,450.06,455.91,455.91
128,451.16,452.98,448.43,452.69,452.69
129,445.94,450.5,444.76,450.49,450.49
130,446.91,448.49,443.71,443.8,443.8
131,445.86,450.58,445.86,449.59,449.59
132,444.34,446.46,440.68,444.39,444.39
133,438.0,444.850006,437.220001,444.519989,444.519989
134,433.589996,441.070007,433.190002,441.070007,439.70401
135,429.890015,435.679993,424.799988,435.619995,434.270874
136,419.769989,426.839996,418.420013,426.170013,424.850159
137,420.890015,424.549988,415.790009,417.0,415.708557
138,428.119995,428.769989,419.529999,420.070007,418.769043
139,422.519989,426.429993,420.440002,425.480011,424.162292
140,425.140015,429.51001,422.820007,427.410004,426.086304
141,419.619995,427.209991,415.119995,416.25,414.960876
142,431.549988,432.299988,419.359985,419.429993,418.131012
143,431.75,433.369995,427.880005,432.170013,430.831573
144,440.470001,441.109985,433.799988,435.709991,434.360596
145,432.369995,439.720001,431.570007,437.890015,436.533875
146,435.040009,437.170013,427.109985,429.980011,428.648376
147,432.029999,438.200012,430.700012,436.630005,435.277771
148,429.609985,437.839996,427.859985,437.75,436.394287
149,411.019989,428.76001,410.640015,428.299988,426.973541
150,432.660004,433.26001,421.350006,421.950012,420.643219
151,431.890015,435.5,425.859985,429.570007,428.239624
152,437.329987,438.660004,431.820007,434.230011,432.885193
153,443.220001,446.570007,436.420013,437.059998,435.706421
154,443.929993,448.059998,441.940002,446.600006,445.216888
155,443.730011,446.279999,443.179993,446.100006,444.718445
156,439.920013,441.600006,435.339996,439.019989,437.660339
157,449.410004,451.609985,438.940002,440.459991,439.095886
158,451.339996,457.709991,447.200012,449.320007,447.928467
159,455.220001,457.880005,455.01001,457.540009,456.123016
160,446.730011,451.920013,445.220001,450.940002,449.543457
161,449.51001,450.98999,445.850006,447.26001,445.874847
162,446.350006,452.779999,443.829987,448.700012,447.310394
163,450.950012,452.970001,445.709991,446.600006,445.216888
164,455.5,458.119995,453.049988,457.350006,455.933594
165,450.679993,453.630005,446.940002,452.950012,451.547241
166,441.23999,450.279999,439.809998,449.910004,448.516632
167,432.679993,442.0,427.820007,441.950012,440.581299
168,438.26001,441.589996,429.450012,431.23999,429.904449
169,440.720001,444.040009,428.859985,433.380005,432.037842
170,433.059998,439.720001,427.149994,434.470001,433.124451
171,432.029999,440.380005,420.76001,439.839996,438.477814
172,445.559998,448.059998,437.950012,437.980011,436.623596
173,453.75,458.73999,444.5,446.75,445.366425
174,458.130005,459.609985,451.459991,451.75,450.350922
175,459.73999,459.959991,455.309998,456.48999,455.076233
176,461.190002,465.089996,459.899994,464.720001,463.280762
177,472.190002,472.880005,463.440002,464.529999,463.091339
178,471.589996,473.200012,468.940002,471.019989,469.561249
179,465.230011,469.850006,462.049988,469.75,468.295197
180,462.700012,465.73999,456.600006,465.51001,464.068329
181,467.950012,469.200012,464.649994,466.089996,464.646515
182,467.890015,470.820007,465.429993,467.940002,466.490784
183,477.160004,477.980011,468.279999,468.380005,466.929443
184,479.220001,479.980011,475.579987,477.549988,476.071014
185,476.299988,477.850006,473.850006,477.709991,476.23053
186,475.640015,476.859985,474.670013,474.959991,473.489044
187,477.929993,479.0,475.670013,476.160004,474.685333
188,476.980011,478.559998,475.920013,477.480011,476.001251
189,477.720001,478.809998,476.059998,476.869995,475.393127
190,472.059998,477.309998,472.01001,477.26001,475.781921
191,468.75,472.190002,468.640015,470.600006,469.142548
192,462.790009,467.809998,462.579987,467.690002,466.241577
193,458.609985,463.209991,456.309998,463.059998,461.625916
194,454.480011,455.399994,451.140015,454.980011,453.570953
195,461.549988,464.73999,458.059998,459.869995,458.44577
196,472.570007,472.869995,464.799988,466.450012,463.377472
197,463.420013,470.859985,460.73999,470.600006,467.500122
198,463.089996,465.73999,460.25,463.359985,460.3078
199,470.190002,470.559998,466.269989,466.570007,463.496643
200,469.230011,470.899994,466.51001,470.73999,467.639191
201,468.149994,469.630005,466.140015,466.350006,463.278137
202,468.700012,470.0,466.829987,469.519989,466.427216
203,464.410004,468.880005,458.649994,468.279999,465.195404
204,456.130005,460.790009,453.559998,458.790009,455.767914
205,459.170013,460.299988,448.920013,453.420013,450.433289
206,450.730011,459.070007,450.309998,457.399994,454.387054
207,461.640015,464.670013,450.290009,450.5,447.532501
208,462.0,464.029999,455.299988,455.559998,452.559204
209,464.070007,466.559998,461.730011,464.600006,461.539642
210,462.339996,463.899994,457.769989,458.970001,455.946747
211,466.059998,469.570007,465.190002,469.440002,466.347748
212,467.220001,469.100006,464.450012,468.190002,465.105988
213,470.890015,473.540009,467.350006,467.570007,464.490082
214,469.609985,470.940002,468.5,468.890015,465.801392
215,469.23999,470.01001,466.339996,469.730011,466.635864
216,469.0,469.190002,467.480011,468.140015,465.056335
217,467.149994,470.48999,467.070007,469.279999,466.188812
218,468.640015,468.809998,466.230011,467.429993,464.350983
219,465.119995,467.859985,464.109985,467.269989,464.192017
220,465.209991,465.290009,463.75,463.769989,460.715088
221,465.579987,467.380005,462.040009,463.619995,460.566101
222,469.320007,469.570007,465.880005,467.380005,464.301331
223,469.700012,470.230011,468.200012,468.929993,465.841125
224,469.279999,470.649994,466.920013,468.529999,465.443726
225,465.359985,467.0,464.98999,466.910004,463.834442
226,461.299988,465.149994,460.829987,464.720001,461.658844
227,460.220001,462.230011,460.079987,461.899994,458.857422
228,460.299988,460.700012,458.200012,460.040009,457.009674
229,455.869995,459.559998,455.559998,459.25,456.224884
230,455.459991,458.399994,455.450012,458.320007,455.301025
231,456.450012,457.160004,453.859985,453.940002,450.94986
232,457.200012,458.48999,455.559998,455.959991,452.956543
233,454.279999,455.899994,452.390015,455.549988,452.549255
234,453.130005,454.670013,451.049988,453.119995,450.135254
235,451.769989,453.829987,451.309998,453.589996,450.602173
236,451.130005,452.730011,451.01001,452.410004,449.429932
237,448.920013,450.709991,448.269989,450.640015,447.6716
238,443.970001,447.549988,443.269989,447.190002,444.244324
239,444.75,446.26001,444.089996,445.869995,442.933014
240,439.079987,442.660004,438.579987,442.5,439.585205
241,434.709991,436.049988,431.540009,435.179993,432.313416
242,435.670013,436.100006,432.779999,433.619995,430.763702
243,437.160004,440.26001,434.619995,434.690002,431.82666
244,439.480011,439.890015,437.190002,437.859985,434.975769
245,438.390015,441.679993,438.200012,438.660004,435.770508
246,429.269989,435.119995,427.540009,434.899994,432.035248
247,430.23999,435.48999,429.390015,433.100006,430.247131
248,433.0,433.959991,426.359985,428.640015,425.816528
249,430.980011,436.029999,427.230011,434.23999,431.379608
250,436.019989,436.769989,428.779999,429.140015,426.313232
251,435.190002,437.040009,433.850006,434.450012,431.588257
252,439.690002,440.040009,432.940002,433.720001,430.863037
253,442.809998,444.049988,441.899994,442.640015,439.724304
254,441.440002,444.670013,441.209991,443.910004,440.985931
255,439.850006,444.890015,439.600006,443.179993,440.260712
256,436.049988,440.029999,433.75,437.859985,434.975769
257,436.529999,437.910004,433.070007,433.630005,430.773651
258,434.880005,436.559998,428.859985,434.040009,431.180969
259,444.920013,445.369995,441.019989,441.399994,438.492462
260,447.320007,448.359985,444.019989,447.170013,442.805847
261,444.619995,448.410004,443.440002,447.880005,443.508911
262,448.119995,448.339996,443.220001,444.170013,439.835144
263,448.640015,448.920013,444.109985,446.579987,442.221619
264,451.040009,451.48999,445.309998,445.440002,441.092743
265,450.700012,452.570007,448.720001,448.980011,444.598175
266,450.890015,451.670013,448.859985,450.910004,446.509338
267,452.709991,452.809998,450.73999,451.459991,447.053955
268,451.980011,453.630005,451.549988,453.079987,448.658142
269,453.320007,454.049988,451.910004,453.190002,448.76709
270,452.559998,453.109985,451.549988,451.799988,447.390656
271,452.130005,452.48999,450.920013,451.559998,447.153015
272,450.970001,453.070007,450.709991,452.230011,447.816467
273,447.119995,450.649994,447.059998,450.25,445.855804
274,448.609985,448.859985,446.160004,446.26001,441.904724
275,448.170013,449.459991,447.769989,448.910004,444.52887
276,447.970001,448.540009,447.420013,447.970001,443.598053
277,445.160004,448.230011,443.440002,447.26001,442.894989
278,440.230011,443.709991,439.709991,443.359985,439.03302
279,436.269989,441.140015,436.119995,439.859985,435.567169
280,442.959991,444.630005,438.920013,439.179993,434.893829
281,444.23999,444.959991,440.850006,444.040009,439.706421
282,444.529999,447.109985,442.869995,446.970001,442.607788
283,445.589996,445.940002,445.070007,445.920013,441.568054
284,443.619995,445.26001,442.660004,445.109985,440.76593
285,443.820007,443.880005,442.619995,443.779999,439.448944
286,442.609985,443.440002,441.880005,442.679993,438.35968
287,442.459991,442.799988,441.309998,442.130005,437.815033
288,442.100006,442.940002,441.799988,442.48999,438.171509
289,440.220001,441.850006,439.880005,441.76001,437.448669
290,439.779999,441.119995,438.730011,438.980011,434.695801
291,438.440002,441.279999,436.100006,441.149994,436.844604
292,440.339996,440.929993,437.209991,437.589996,433.319336
293,437.910004,440.059998,437.769989,438.51001,434.230347
294,439.820007,441.799988,439.809998,440.649994,436.349487
295,439.679993,440.299988,437.309998,438.829987,434.547211
296,439.910004,439.940002,435.98999,439.01001,434.725464
297,439.309998,441.029999,439.26001,441.019989,436.715851
298,437.519989,440.299988,436.790009,439.940002,435.646423
299,434.73999,435.720001,433.690002,435.459991,431.210114
300,432.339996,434.700012,431.01001,434.549988,430.30899
301,425.679993,432.420013,424.829987,431.059998,426.853058
302,426.190002,431.410004,421.970001,424.970001,420.82251
303,436.01001,436.059998,430.920013,431.339996,427.130341
304,434.809998,435.529999,432.720001,434.75,430.50705
305,437.399994,437.920013,434.910004,436.23999,431.982483
306,436.23999,437.839996,435.309998,435.589996,431.338837
307,435.429993,437.350006,434.970001,437.079987,432.814301
308,432.529999,435.839996,430.709991,435.519989,431.269501
309,428.779999,431.730011,427.519989,430.920013,426.714417
310,433.660004,434.76001,431.51001,434.459991,430.219879
311,433.779999,434.01001,430.01001,432.929993,428.704834
312,431.670013,434.100006,430.519989,433.720001,429.487091
313,428.869995,430.600006,428.799988,430.429993,426.229218
314,427.209991,428.779999,427.179993,428.059998,423.882355
315,427.880005,428.559998,427.130005,427.700012,423.525879
316,427.170013,427.649994,425.890015,427.470001,423.298096
317,425.899994,427.089996,425.549988,426.609985,422.446472
318,424.890015,425.549988,424.619995,425.100006,420.951233
319,423.190002,424.049988,422.51001,422.600006,418.475647
320,420.850006,424.0,420.079987,423.109985,418.980652
321,416.799988,421.059998,415.929993,420.859985,416.752594
322,417.089996,417.829987,414.700012,414.920013,410.870605
323,421.670013,423.019989,419.320007,421.970001,416.489197
324,424.630005,424.869995,419.920013,422.109985,416.62735
325,425.420013,425.459991,423.540009,424.480011,418.966614
326,424.429993,425.369995,423.100006,425.26001,419.736481
327,424.200012,424.429993,422.820007,424.309998,418.798798
328,422.959991,424.630005,421.549988,423.609985,418.10788
329,423.179993,423.26001,421.410004,421.649994,416.17337
330,423.109985,423.209991,420.320007,422.279999,416.795197
331,422.589996,422.779999,421.190002,422.190002,416.706329
332,420.75,422.920013,418.839996,422.600006,417.111084
333,417.850006,419.98999,416.279999,418.769989,413.33075
334,420.369995,421.230011,419.290009,420.329987,414.870483
335,422.570007,422.720001,419.200012,419.670013,414.219116
336,420.970001,421.25,419.790009,420.040009,414.584259
337,420.170013,420.720001,418.98999,419.290009,413.844025
338,418.869995,419.609985,417.76001,419.070007,413.626892
339,420.329987,420.709991,417.619995,418.23999,412.807648
340,417.339996,420.320007,417.079987,419.170013,413.725616
341,416.869995,418.200012,414.450012,414.940002,409.550537
342,411.799988,416.630005,411.670013,415.279999,409.886078
343,406.920013,411.049988,405.329987,410.859985,405.523499
344,415.799988,416.059998,411.769989,411.940002,406.589478
345,415.390015,416.390015,413.359985,415.519989,410.122986
346,413.209991,417.48999,413.179993,416.579987,411.169189
347,407.070007,412.350006,407.019989,410.279999,404.95105
348,411.230011,412.589996,404.0,405.410004,400.144318
349,413.100006,415.269989,410.059998,414.209991,408.829987
350,422.5,422.73999,417.809998,417.940002,412.511536
351,419.890015,422.820007,419.160004,422.119995,416.637238
352,415.829987,419.209991,413.679993,419.070007,413.626892
353,417.380005,417.630005,415.149994,415.75,410.349976
354,416.070007,416.600006,411.670013,415.619995,410.22168
355,419.429993,419.839996,417.670013,418.200012,412.768158
356,417.630005,418.540009,416.339996,417.299988,411.879852
357,420.320007,420.720001,416.440002,420.059998,414.604004
358,417.809998,419.01001,416.899994,417.399994,411.978516
359,417.929993,418.140015,416.299988,417.519989,412.097015
360,417.440002,418.220001,416.809998,417.609985,412.185822
361,412.869995,418.25,412.790009,416.73999,411.327148
362,415.890015,416.779999,411.130005,412.269989,406.915192
363,411.51001,416.290009,411.359985,416.070007,410.665833
364,413.910004,415.089996,410.589996,412.170013,406.816528
365,416.26001,416.73999,413.790009,415.209991,409.816986
366,417.25,417.910004,415.730011,417.26001,411.840363
367,413.73999,416.160004,413.690002,415.869995,410.468445
368,412.829987,413.959991,410.869995,411.450012,406.105865
369,411.529999,413.529999,411.119995,412.859985,407.497528
370,410.850006,411.929993,410.200012,411.640015,406.293396
371,408.390015,411.670013,408.26001,411.48999,406.145325
372,407.929993,408.579987,406.929993,408.519989,403.213867
373,405.940002,406.959991,405.450012,406.589996,401.30896
374,405.76001,407.23999,405.399994,406.119995,400.845062
375,403.459991,406.940002,403.380005,406.359985,401.08194
376,398.399994,400.670013,398.179993,400.609985,395.406616
377,395.339996,398.0,395.309998,396.329987,391.18222
378,394.420013,395.450012,393.019989,394.730011,389.603027
379,394.399994,396.75,392.809998,395.779999,390.639374
380,390.929993,396.410004,390.290009,395.980011,390.836792
381,385.980011,390.549988,383.899994,389.700012,384.638367
382,391.0,392.75,387.470001,387.519989,382.486633
383,391.910004,393.459991,388.660004,389.5,384.440948
384,390.029999,394.070007,389.970001,392.589996,387.490784
385,389.880005,391.570007,387.149994,389.480011,384.421234
386,394.480011,396.720001,390.75,391.480011,385.13382
387,394.529999,398.119995,393.299988,397.26001,390.82016
388,397.070007,397.829987,395.079987,395.910004,389.491974
389,394.329987,396.690002,392.029999,396.410004,389.983917
390,392.070007,394.209991,391.200012,394.059998,387.671997
391,392.230011,395.649994,391.73999,393.529999,387.150604
392,389.690002,391.399994,388.170013,389.579987,383.264648
393,385.850006,389.910004,385.309998,387.170013,380.893677
394,384.660004,387.679993,381.420013,381.720001,375.532043
395,380.459991,384.76001,372.640015,383.630005,377.411072
396,381.220001,384.0,371.880005,376.700012,370.593414
397,385.790009,386.829987,381.309998,381.420013,375.236908
398,389.820007,390.070007,386.0,386.540009,380.273926
399,385.589996,390.920013,380.570007,389.579987,383.264648
400,384.350006,385.579987,378.230011,380.359985,374.194061
401,390.410004,391.880005,380.779999,382.329987,376.132111
402,386.329987,392.230011,385.269989,391.769989,385.419128
403,384.660004,388.950012,380.200012,387.5,381.218353
404,387.059998,389.619995,386.73999,387.029999,380.75592
405,392.070007,392.380005,389.549988,390.029999,383.707306
406,389.589996,391.519989,387.73999,390.720001,384.386139
407,390.420013,392.660004,389.329987,392.390015,386.029083
408,393.959991,394.170013,391.529999,392.299988,385.940521
409,389.850006,392.899994,389.769989,392.640015,386.275055
410,391.23999,391.690002,388.100006,390.709991,384.376282
411,392.119995,392.279999,387.5,390.079987,383.7565
412,389.609985,390.890015,389.170013,390.25,383.923767
413,389.269989,390.559998,388.350006,390.51001,384.179565
414,388.200012,388.470001,386.140015,387.709991,381.424957
415,382.959991,386.23999,381.970001,386.190002,379.929565
416,382.440002,383.700012,380.480011,381.850006,375.659912
417,379.649994,383.220001,376.320007,381.549988,375.364807
418,373.720001,377.339996,370.380005,376.230011,370.131042
419,375.630005,376.670013,368.269989,370.070007,364.070923
420,376.359985,381.929993,375.890015,377.630005,371.508331
421,380.220001,380.320007,372.01001,374.410004,368.340515
422,385.410004,385.850006,383.540009,383.790009,377.568481
423,383.670013,384.769989,378.459991,384.390015,378.158783
424,382.25,384.130005,381.839996,382.880005,376.673248
425,384.48999,384.950012,383.25,384.23999,378.011169
426,381.109985,384.790009,380.690002,383.890015,377.66687
427,378.339996,379.230011,376.75,378.649994,372.51181
428,376.720001,377.579987,373.700012,375.700012,369.60965
429,380.589996,381.130005,378.100006,378.459991,372.32486
430,378.690002,380.859985,377.850006,379.790009,373.633362
431,378.890015,379.859985,376.359985,378.769989,372.629852
432,377.850006,380.579987,377.720001,378.690002,372.551178
433,380.589996,381.48999,377.100006,381.26001,375.079529
434,376.100006,379.899994,375.910004,379.100006,372.954529
435,369.709991,376.980011,369.119995,373.549988,367.494446
436,368.100006,372.5,368.049988,371.329987,365.310486
437,375.309998,375.450012,364.820007,368.790009,362.811676
438,371.779999,374.660004,371.230011,373.880005,367.819122
439,372.339996,373.100006,371.570007,371.98999,365.959747
440,373.809998,374.0,370.829987,371.459991,365.438324
441,371.73999,372.589996,371.070007,372.170013,366.136902
442,368.079987,369.029999,367.450012,369.0,363.018219
443,368.279999,369.619995,367.220001,367.570007,361.61142
444,368.209991,368.329987,366.029999,367.23999,361.286743
445,364.970001,378.459991,362.029999,367.859985,361.896729
446,370.970001,371.149994,367.019989,369.179993,363.195313
447,371.940002,372.459991,371.049988,372.23999,364.651306
448,369.820007,371.160004,368.869995,370.170013,362.623566
449,367.399994,369.589996,365.920013,369.589996,362.055359
450,368.640015,369.799988,364.470001,364.660004,357.225861
451,364.899994,366.73999,363.26001,366.299988,358.832397
452,365.369995,367.859985,364.429993,366.730011,359.253693
453,370.880005,371.049988,365.950012,366.850006,359.371216
454,367.720001,370.779999,367.670013,370.170013,362.623566
455,369.019989,369.619995,367.720001,369.089996,361.565552
456,367.320007,369.850006,367.220001,369.850006,362.310059
457,366.679993,368.190002,365.5,366.690002,359.214478
458,364.820007,366.959991,364.200012,366.790009,359.312439
459,365.570007,367.679993,364.929993,366.019989,358.558136
460,362.829987,363.119995,359.170013,362.059998,354.678864
461,363.839996,364.179993,362.579987,363.670013,356.256042
462,363.130005,363.160004,361.480011,362.660004,355.266632
463,360.209991,363.809998,359.290009,363.220001,355.815216
464,357.279999,358.820007,354.869995,357.459991,350.172668
465,357.5,357.720001,355.25,355.329987,348.086029
466,355.600006,358.179993,354.149994,357.779999,350.486115
467,360.910004,361.5,356.23999,356.279999,349.016724
468,359.970001,361.920013,358.339996,360.619995,353.26825
469,360.980011,362.779999,359.589996,362.570007,355.178497
470,355.269989,358.899994,354.709991,358.100006,350.799622
471,355.579987,356.720001,351.26001,353.209991,346.009247
472,356.399994,357.559998,355.059998,356.670013,349.398743
473,353.48999,355.179993,350.51001,354.040009,346.822327
474,363.970001,364.380005,354.059998,354.559998,347.331757
475,349.929993,351.51001,347.649994,350.160004,343.021454
476,349.23999,352.190002,348.859985,350.23999,343.099823
477,340.859985,347.940002,339.589996,343.540009,336.536469
478,333.690002,338.25,330.290009,336.029999,329.179535
479,330.200012,332.359985,327.23999,330.200012,323.468414
480,328.279999,329.690002,322.600006,326.540009,319.882996
481,326.910004,333.399994,325.089996,329.980011,323.252869
482,332.100006,338.25,326.130005,326.660004,320.000549
483,339.76001,340.119995,337.98999,338.220001,331.32489
484,342.130005,342.980011,335.619995,339.390015,332.471039
485,345.929993,345.98999,343.130005,345.779999,338.730774
486,342.959991,345.23999,340.649994,344.609985,337.584564
487,343.329987,345.670013,342.399994,342.730011,335.74292
488,343.459991,346.880005,342.640015,343.380005,336.3797
489,348.649994,349.329987,341.040009,342.01001,335.037567
490,348.959991,350.75,347.100006,347.290009,340.209961
491,343.709991,348.019989,343.130005,347.5,340.41571
492,350.75,351.929993,347.140015,347.929993,340.836914
493,352.279999,352.470001,349.089996,350.130005,342.992096
494,349.589996,354.019989,349.059998,352.429993,345.245178
495,345.559998,347.350006,344.890015,346.850006,339.778992
496,342.850006,343.850006,341.859985,343.779999,336.771515
497,338.119995,341.630005,338.089996,340.76001,333.81311
498,339.910004,342.170013,334.380005,334.929993,328.101959
499,336.059998,339.959991,336.01001,339.76001,332.833496
500,331.700012,337.01001,331.190002,333.839996,327.03418
501,337.690002,338.73999,335.01001,337.040009,330.168976
502,333.089996,338.290009,332.880005,334.890015,328.062775
503,333.970001,334.769989,331.619995,332.369995,325.594116
504,333.220001,334.959991,332.149994,334.190002,327.377045
505,322.579987,329.579987,321.640015,328.730011,322.028381
506,321.220001,326.799988,319.799988,323.5,316.904938
507,330.899994,331.200012,322.100006,322.640015,316.0625
508,328.570007,330.899994,325.859985,330.299988,323.566345
509,325.700012,327.130005,321.730011,326.970001,320.30423
510,335.369995,335.48999,327.970001,330.649994,323.90918
511,333.559998,337.700012,332.98999,335.839996,327.681671
512,341.51001,343.059998,338.519989,338.820007,330.589355
513,341.119995,342.019989,338.470001,340.170013,331.906525
514,337.48999,340.380005,334.220001,338.459991,330.238068
515,335.820007,336.970001,331.0,334.059998,325.944946
516,341.820007,342.529999,332.850006,333.890015,325.779144
517,337.549988,342.459991,336.609985,339.790009,331.535767
518,336.709991,342.640015,332.880005,333.209991,325.115601
519,346.130005,347.829987,334.869995,342.570007,334.24823
520,355.869995,356.380005,342.589996,345.390015,336.999725
521,354.670013,358.75,353.429993,357.700012,349.010651
522,350.209991,352.709991,349.23999,352.600006,344.034546
523,350.350006,351.299988,349.059998,349.309998,340.824432
524,349.440002,350.720001,348.149994,350.579987,342.063629
525,348.51001,349.899994,346.529999,348.329987,339.868286
526,344.76001,347.859985,344.170013,347.570007,339.12677
527,343.529999,344.209991,342.269989,344.119995,335.760559
528,342.119995,343.0,339.450012,342.920013,334.589722
529,337.920013,339.720001,337.549988,339.480011,331.233307
530,335.359985,338.799988,335.220001,338.279999,330.062439
531,339.049988,339.609985,336.619995,337.230011,329.037964
532,338.339996,339.100006,336.609985,338.640015,330.413727
533,337.940002,338.339996,336.850006,337.910004,329.701416
534,336.410004,337.420013,335.619995,336.839996,328.657379
535,336.609985,338.25,335.829987,336.829987,328.647583
536,335.440002,338.279999,335.410004,337.440002,329.242798
537,336.850006,337.540009,332.01001,332.799988,324.715546
538,335.059998,335.769989,332.959991,335.570007,327.418274
539,333.279999,334.880005,332.299988,334.570007,326.442596
540,331.480011,334.459991,331.130005,334.329987,326.208344
541,331.470001,332.390015,331.179993,332.109985,324.042328
542,327.859985,330.059998,327.859985,330.059998,322.042114
543,328.320007,329.619995,327.730011,328.790009,320.802948
544,325.899994,326.630005,321.329987,326.519989,318.588074
545,321.899994,324.410004,319.640015,323.959991,316.090302
546,322.119995,325.730011,322.079987,325.119995,317.222107
547,322.429993,323.640015,320.850006,321.170013,313.368103
548,321.630005,323.410004,320.769989,323.220001,315.368256
549,320.950012,321.98999,319.25,320.880005,313.085144
550,326.470001,327.230011,321.480011,322.959991,315.114594
551,324.619995,327.200012,324.5,326.859985,318.9198
552,326.450012,326.929993,323.940002,325.01001,317.114838
553,321.429993,325.130005,320.619995,324.320007,316.44162
554,321.880005,322.570007,319.73999,321.720001,313.904694
555,319.790009,321.279999,319.089996,320.790009,312.997314
556,322.410004,323.040009,319.269989,321.850006,314.031616
557,313.299988,319.76001,312.0,318.920013,311.172729
558,320.130005,322.709991,314.130005,314.839996,307.191864
559,314.309998,317.880005,312.76001,317.589996,309.875031
560,316.839996,317.100006,310.679993,314.380005,306.743011
561,314.609985,316.299988,312.700012,316.179993,308.499268
562,315.380005,317.519989,313.369995,313.779999,306.157593
563,316.369995,317.679993,315.559998,317.049988,309.348114
564,314.23999,315.700012,311.51001,312.230011,304.645264
565,309.570007,311.890015,309.070007,310.519989,302.976807
566,303.98999,310.200012,303.820007,308.359985,300.869232
567,301.410004,304.609985,298.929993,304.459991,297.063995
568,306.160004,306.390015,299.420013,300.049988,292.761139
569,303.470001,307.640015,301.279999,307.350006,299.883789
570,309.839996,310.51001,302.100006,304.089996,296.702972
571,313.48999,314.5,311.609985,312.049988,304.469604
572,307.98999,311.049988,306.75,310.619995,303.074371
573,314.170013,314.380005,306.529999,308.640015,301.142456
574,310.01001,312.299988,309.51001,311.779999,302.873352
575,314.070007,314.390015,310.859985,311.660004,302.756775
576,315.480011,315.640015,307.670013,312.959991,304.019653
577,298.019989,308.279999,296.73999,307.049988,298.278503
578,308.23999,309.079987,298.600006,304.209991,295.519653
579,311.459991,312.149994,300.01001,300.609985,292.02243
580,321.420013,322.390015,318.220001,319.0,309.887146
581,320.299988,323.279999,319.359985,320.790009,311.625946
582,320.220001,323.410004,319.630005,323.200012,313.967133
583,317.230011,321.269989,317.160004,319.339996,310.217377
584,311.109985,313.0,309.079987,311.359985,302.465363
585,310.23999,313.220001,309.940002,312.179993,303.261932
586,306.549988,308.130005,305.100006,308.079987,299.279053
587,303.619995,306.209991,303.059998,305.549988,296.82135
588,302.459991,304.959991,299.470001,304.320007,295.626465
589,304.649994,306.839996,302.23999,302.970001,294.315033
590,302.119995,303.570007,296.869995,303.529999,294.859039
591,301.929993,302.190002,295.459991,299.079987,290.536133
592,294.570007,295.630005,293.220001,295.440002,287.000153
593,296.790009,297.670013,293.690002,294.880005,286.456146
594,295.820007,297.869995,295.570007,296.929993,288.447571
595,294.350006,296.209991,291.950012,291.970001,283.629272
596,293.049988,296.75,292.700012,295.0,286.572693
597,282.369995,286.329987,281.339996,286.279999,278.101837
598,278.950012,285.109985,272.98999,284.970001,276.829224
599,286.059998,287.190002,278.959991,281.600006,273.555542
600,293.790009,294.23999,286.519989,286.670013,278.480682
601,290.339996,294.0,289.880005,292.5,284.144135
602,291.089996,292.950012,289.859985,292.440002,284.085815
603,287.75,289.779999,287.130005,287.679993,279.461823
604,288.040009,288.459991,283.779999,284.25,276.129791
605,286.640015,289.25,283.709991,286.190002,278.014343
606,280.73999,283.899994,279.130005,283.570007,275.469269
607,285.309998,290.660004,281.519989,282.790009,274.711487
608,291.709991,293.320007,288.589996,290.480011,282.181854
609,291.529999,294.880005,290.410004,293.209991,284.833832
610,291.019989,291.399994,285.399994,285.730011,277.567566
611,285.119995,288.269989,284.619995,287.049988,278.849854
612,280.730011,283.700012,278.5,282.970001,274.886383
613,280.48999,283.940002,278.75,279.079987,271.107452
614,278.350006,281.0,276.910004,279.100006,271.126923
615,276.730011,278.040009,272.019989,273.040009,265.240112
616,282.609985,286.790009,281.350006,281.589996,273.545837
617,285.380005,287.299988,282.399994,286.640015,278.451538
618,279.149994,280.029999,275.76001,279.100006,271.126923
619,277.570007,283.940002,275.459991,277.76001,269.825195
620,280.980011,284.899994,275.51001,283.790009,275.682953
621,277.140015,277.51001,271.410004,275.660004,267.785248
622,277.579987,281.200012,275.470001,278.200012,270.252625
623,267.959991,276.0,265.25,274.029999,266.201721
624,274.209991,275.029999,264.890015,265.130005,257.55603
625,257.839996,267.0,248.169998,264.859985,257.293701
626,250.759995,253.320007,245.220001,248.190002,241.09996
627,245.190002,252.679993,244.589996,251.830002,244.635941
628,247.979996,257.660004,243.899994,246.149994,239.118195
629,260.559998,263.329987,256.220001,257.75,250.386841
630,255.699997,262.429993,253.529999,261.649994,254.17543
631,253.270004,260.809998,251.050003,253.419998,246.180511
632,249.520004,262.799988,249.050003,261.200012,253.738327
633,244.869995,256.350006,239.75,246.789993,239.739929
634,234.419998,244.100006,233.800003,243.149994,236.203934
635,228.190002,229.679993,218.259995,222.949997,216.580963
636,242.529999,244.470001,228.5,228.800003,222.26387
637,239.25,247.380005,232.220001,240.509995,232.273499
638,236.25,248.369995,228.020004,240.0,231.780975
639,245.039993,256.170013,237.070007,252.800003,244.142639
640,241.179993,256.899994,237.360001,239.850006,231.636108
641,263.089996,271.480011,248.520004,269.320007,260.096863
642,256.0,266.660004,247.679993,248.110001,239.61322
643,280.700012,281.940002,270.880005,274.359985,264.964264
644,284.640015,288.519989,273.5,288.420013,278.542786
645,275.299988,284.190002,273.450012,274.230011,264.838715
646,293.149994,298.779999,290.230011,297.459991,287.273224
647,304.980011,308.470001,300.01001,302.459991,292.101959
648,306.119995,313.100006,303.329987,312.859985,302.145782
649,309.5,313.839996,297.570007,300.23999,289.957947
650,298.209991,309.160004,294.459991,309.089996,298.504883
651,288.700012,297.890015,285.540009,296.26001,286.114319
652,305.459991,311.559998,297.51001,297.51001,287.321503
653,314.179993,318.109985,310.700012,311.5,300.832397
654,323.940002,324.609985,311.690002,312.649994,301.942993
655,323.140015,333.559998,321.23999,322.420013,311.378418
656,335.470001,335.809998,332.579987,333.480011,322.059692
657,337.73999,338.640015,333.679993,336.950012,325.410858
658,337.790009,339.079987,337.480011,338.339996,326.753235
659,336.51001,337.670013,335.209991,336.730011,325.198395
660,337.51001,337.730011,336.200012,337.600006,326.038574
661,335.859985,338.119995,335.559998,337.059998,325.517029
662,336.829987,337.649994,336.429993,337.420013,325.864716
663,336.160004,337.019989,334.679993,335.26001,323.778687
664,331.230011,334.75,331.190002,334.679993,323.218506
665,332.820007,333.98999,331.600006,332.200012,320.823517
666,333.910004,334.190002,332.799988,333.980011,322.542511
667,332.269989,333.089996,330.670013,332.859985,321.460846
668,328.070007,330.01001,327.720001,329.059998,317.791016
669,323.350006,326.160004,323.220001,324.119995,313.020142
670,327.0,327.170013,320.730011,321.730011,310.712067
671,324.359985,327.910004,323.540009,327.679993,316.458282
672,328.380005,328.630005,326.399994,326.619995,315.434601
673,325.059998,327.850006,323.600006,326.890015,315.695313
674,323.029999,325.119995,322.660004,323.5,312.421417
675,332.440002,332.529999,327.359985,328.769989,317.510986
676,330.630005,332.170013,329.410004,331.720001,320.359924
677,332.23999,332.950012,331.170013,331.339996,319.99292
678,330.899994,332.179993,330.820007,331.299988,319.954315
679,331.700012,332.179993,330.850006,331.950012,320.582031
680,329.700012,330.920013,329.450012,330.920013,319.587372
681,327.350006,329.019989,327.26001,328.190002,316.950836
682,327.470001,328.619995,326.839996,327.450012,316.236145
683,326.390015,327.959991,325.920013,327.950012,316.719025
684,327.290009,327.459991,325.200012,325.709991,314.555725
685,326.160004,326.730011,325.519989,326.649994,315.463562
686,322.940002,325.779999,322.670013,324.450012,313.338928
687,323.019989,323.540009,322.23999,322.730011,311.677826
688,320.48999,323.730011,320.359985,323.640015,312.55658
689,321.160004,323.640015,321.100006,322.410004,311.368774
690,323.540009,324.890015,322.529999,324.869995,313.744476
691,320.529999,322.130005,320.149994,321.859985,310.837585
692,322.950012,323.100006,320.549988,321.079987,310.08429
693,323.73999,323.799988,322.279999,322.859985,311.803345
694,321.649994,322.950012,321.640015,322.940002,311.880585
695,321.470001,321.519989,320.899994,321.230011,310.229156
696,321.589996,321.649994,321.059998,321.220001,310.219482
697,320.459991,321.970001,319.390015,320.730011,309.746277
698,319.799988,320.980011,319.519989,320.899994,308.394226
699,320.0,320.25,319.529999,319.589996,307.135284
700,319.920013,320.25,319.480011,319.570007,307.116089
701,319.220001,320.149994,317.25,319.5,307.048828
702,316.869995,318.670013,316.019989,317.320007,304.953735
703,314.429993,317.98999,314.170013,317.130005,304.771149
704,314.029999,314.700012,313.440002,314.420013,302.166809
705,313.820007,314.549988,312.809998,313.529999,301.311432
706,314.440002,315.179993,313.799988,313.880005,301.647797
707,314.119995,315.309998,314.109985,314.869995,302.599213
708,312.230011,312.25,310.579987,312.019989,299.860229
709,310.700012,312.119995,310.320007,311.459991,299.322113
710,308.649994,309.640015,307.130005,309.549988,297.486572
711,314.589996,314.660004,311.170013,311.640015,299.495117
712,314.859985,315.130005,314.059998,314.309998,302.061066
713,314.609985,315.480011,314.369995,315.480011,303.185455
714,313.410004,314.279999,313.059998,314.079987,301.840027
715,311.980011,313.369995,311.980011,313.369995,301.157654
716,311.089996,311.23999,309.850006,310.959991,298.841614
717,310.890015,311.01001,309.390015,310.269989,298.178497
718,311.279999,311.850006,309.059998,310.769989,298.658997
719,312.679993,312.690002,311.220001,311.929993,299.773773
720,311.529999,312.279999,311.029999,312.019989,299.860229
721,311.019989,311.839996,310.26001,311.790009,299.639282
722,308.790009,309.640015,308.089996,309.549988,297.486572
723,307.910004,309.540009,307.660004,309.100006,297.054077
724,308.75,309.98999,308.149994,309.0,296.957977
725,307.420013,308.540009,307.269989,308.350006,296.333344
726,307.799988,309.0,307.029999,308.940002,296.90033
727,308.570007,309.649994,307.660004,308.179993,296.169891
728,307.029999,307.399994,306.059998,307.100006,295.13205
729,307.589996,307.920013,306.709991,307.029999,295.064819
730,307.850006,308.0,306.959991,307.369995,295.39151
731,304.920013,306.190002,304.73999,306.140015,294.209442
732,304.130005,304.130005,301.730011,303.329987,291.509003
733,303.429993,304.549988,301.98999,304.140015,292.287384
734,303.0,304.230011,302.859985,303.209991,291.393616
735,302.940002,303.850006,302.910004,303.299988,291.480133
736,299.73999,302.200012,299.679993,301.600006,289.846375
737,300.910004,301.070007,299.459991,300.369995,288.664337
738,298.730011,299.940002,298.5,299.880005,288.193451
739,300.579987,300.899994,298.910004,299.01001,287.3573
740,299.420013,300.209991,298.940002,299.98999,288.299103
741,298.690002,299.399994,297.029999,297.970001,286.357819
742,299.679993,300.23999,298.519989,299.279999,287.616791
743,298.369995,299.160004,297.920013,298.399994,286.771057
744,297.100006,299.700012,296.970001,298.880005,287.232361
745,295.929993,296.670013,295.570007,295.950012,284.416534
746,296.269989,298.73999,296.140015,296.279999,284.733734
747,291.179993,294.209991,291.0,293.23999,281.812164
748,290.75,292.299988,290.059998,291.269989,279.918915
749,291.040009,291.850006,288.48999,288.529999,277.285736
750,293.470001,295.26001,292.769989,293.079987,281.658356
751,291.140015,294.630005,291.079987,294.350006,282.878937
752,287.809998,290.450012,284.820007,290.420013,279.102081
753,291.5,291.51001,286.640015,288.059998,276.834045
754,297.73999,298.459991,293.0,293.23999,281.812164
755,295.970001,297.549988,295.920013,296.769989,285.20462
756,297.829987,297.950012,293.690002,295.399994,283.888
757,297.630005,297.859985,295.450012,297.0,285.425659
758,295.959991,298.109985,294.329987,297.619995,286.021484
759,299.410004,299.839996,294.809998,295.869995,284.339661
760,297.549988,299.0,297.269989,298.209991,286.58847
761,300.359985,300.670013,297.410004,298.279999,286.655731
762,301.529999,302.630005,300.709991,301.079987,288.016541
763,300.48999,301.220001,298.23999,301.100006,288.035706
764,299.940002,301.019989,299.75,300.920013,287.863525
765,299.839996,301.140015,299.450012,300.160004,287.136536
766,301.779999,302.170013,300.679993,301.089996,288.026123
767,301.25,302.459991,300.410004,301.290009,288.217468
768,298.470001,300.339996,297.75,300.25,287.222565
769,297.359985,298.200012,295.970001,298.130005,285.194519
770,299.140015,299.23999,297.160004,298.200012,285.261536
771,298.170013,298.76001,297.420013,298.049988,285.118042
772,296.790009,298.829987,294.0,297.820007,284.898041
773,293.140015,294.059998,292.309998,294.040009,281.282074
774,290.570007,291.579987,289.269989,290.73999,278.125183
775,294.220001,294.23999,291.420013,292.450012,279.761017
776,291.720001,293.160004,290.609985,292.579987,279.885345
777,286.140015,289.070007,285.25,288.890015,276.355499
778,289.540009,289.950012,286.029999,286.869995,274.423157
779,287.269989,288.0,285.579987,288.0,275.504089
780,290.920013,292.76001,283.470001,284.850006,272.490784
781,293.230011,293.929993,290.399994,292.359985,279.674896
782,292.480011,292.859985,291.720001,292.450012,279.761017
783,291.769989,292.359985,289.950012,290.089996,277.503387
784,292.190002,293.079987,291.440002,292.329987,279.64621
785,286.480011,289.329987,284.709991,288.850006,276.31723
786,284.880005,285.640015,282.390015,284.649994,272.299469
787,288.070007,288.73999,283.76001,283.899994,271.582031
788,287.73999,294.149994,287.359985,292.549988,279.856659
789,289.959991,291.609985,287.019989,288.070007,275.571075
790,292.579987,293.23999,289.649994,291.619995,278.967072
791,289.619995,293.619995,289.01001,293.619995,280.88028
792,284.399994,288.820007,282.040009,287.970001,275.475403
793,285.910004,288.040009,284.279999,287.799988,275.312775
794,288.089996,288.209991,281.720001,283.820007,271.505463
795,293.850006,294.119995,290.899994,292.619995,279.923676
796,297.600006,300.869995,293.959991,294.839996,282.047272
797,300.98999,301.200012,295.200012,297.429993,284.524963
798,299.910004,301.170013,299.48999,300.720001,287.672241
799,301.880005,302.01001,300.850006,301.459991,288.380096
800,300.76001,302.230011,300.619995,302.01001,288.906189
801,300.940002,301.0,299.109985,300.0,286.983429
802,299.190002,301.440002,299.089996,301.440002,288.360931
803,299.140015,300.029999,298.220001,300.029999,287.012115
804,297.609985,298.5,297.040009,297.899994,284.974518
805,300.040009,300.070007,296.980011,297.170013,284.276215
806,297.190002,299.25,296.700012,298.829987,285.864105
807,299.75,299.929993,297.73999,297.73999,284.821503
808,300.649994,300.880005,299.440002,299.779999,286.772949
809,301.130005,301.130005,300.190002,300.75,287.700867
810,299.850006,300.730011,299.51001,300.649994,287.605225
811,299.320007,299.579987,298.200012,299.309998,286.323395
812,298.369995,299.660004,297.779999,298.609985,285.653748
813,295.540009,297.519989,295.480011,297.190002,284.29538
814,297.01001,298.26001,296.220001,296.820007,283.941437
815,297.440002,298.640015,296.01001,298.459991,285.510254
816,297.179993,298.820007,297.019989,298.799988,285.83548
817,295.609985,296.48999,294.679993,296.429993,283.56839
818,296.679993,296.920013,294.329987,295.660004,282.831726
819,292.579987,293.549988,292.01001,293.0,280.28714
820,291.309998,292.059998,290.890015,291.5,278.852203
821,291.75,292.309998,290.350006,290.470001,277.866943
822,293.700012,293.730011,290.640015,290.76001,278.144318
823,294.230011,294.579987,293.470001,293.640015,280.899445
824,294.130005,295.519989,293.76001,294.0,281.243744
825,296.040009,296.309998,293.130005,295.859985,281.653137
826,292.549988,293.649994,291.470001,293.059998,278.98764
827,291.390015,293.570007,290.98999,292.399994,278.359344
828,289.519989,290.220001,289.179993,289.369995,275.474823
829,289.26001,289.929993,288.410004,289.26001,275.370148
830,289.399994,289.980011,288.619995,289.579987,275.674713
831,288.640015,289.26001,287.820007,288.390015,274.54187
832,290.98999,291.399994,288.179993,288.899994,275.027435
833,289.369995,290.820007,288.869995,288.970001,275.094055
834,285.929993,288.850006,285.73999,287.649994,273.837402
835,283.290009,285.549988,282.570007,284.799988,271.124268
836,282.329987,282.98999,280.320007,282.959991,269.37265
837,277.119995,280.679993,276.619995,280.529999,267.059296
838,275.309998,276.549988,273.089996,274.570007,261.385559
839,276.200012,277.119995,275.23999,275.269989,262.05191
840,279.109985,280.040009,277.809998,279.029999,265.631317
841,278.910004,279.359985,276.709991,278.269989,264.907867
842,283.089996,284.149994,280.130005,280.149994,266.697571
843,283.73999,284.200012,282.089996,282.779999,269.201294
844,283.160004,283.209991,280.570007,282.140015,268.59198
845,285.450012,286.690002,285.100006,285.630005,271.914368
846,285.829987,286.929993,285.549988,286.51001,272.752136
847,284.059998,285.959991,283.119995,283.950012,270.315125
848,285.140015,288.600006,285.119995,285.839996,272.114319
849,285.839996,289.209991,285.76001,287.700012,273.88504
850,281.589996,285.769989,281.359985,285.059998,271.371796
851,281.98999,285.100006,281.850006,283.399994,269.791504
852,282.420013,283.48999,279.929993,280.859985,267.373474
853,285.619995,288.940002,282.299988,288.100006,274.265839
854,285.230011,287.329987,283.299988,286.660004,272.894989
855,287.529999,289.429993,286.869995,287.529999,273.723175
856,290.149994,290.809998,285.809998,287.929993,274.103943
857,289.25,293.309998,288.899994,292.820007,278.759155
858,292.820007,294.339996,291.299988,294.029999,279.911102
859,291.679993,292.700012,289.519989,291.179993,277.197968
860,294.720001,294.950012,291.799988,291.809998,277.797668
861,293.48999,294.339996,291.920013,294.019989,279.90152
862,293.51001,294.450012,293.410004,293.869995,279.758759
863,292.100006,293.48999,291.23999,293.410004,279.320831
864,292.119995,292.779999,290.730011,292.049988,278.026123
865,292.790009,293.160004,292.070007,292.230011,278.197479
866,290.679993,293.140015,290.420013,292.880005,278.816315
867,289.170013,290.440002,289.070007,290.269989,276.331604
868,290.100006,290.320007,288.660004,290.019989,276.093628
869,291.399994,291.429993,288.98999,289.450012,275.550995
870,290.950012,291.01001,289.5,290.160004,276.226929
871,290.23999,290.350006,289.079987,289.970001,276.046051
872,290.0,290.470001,288.26001,290.160004,276.226929
873,288.829987,288.839996,287.579987,288.209991,274.370514
874,287.769989,288.390015,287.309998,288.290009,274.446716
875,287.720001,288.079987,286.700012,287.309998,273.513763
876,288.100006,288.910004,287.369995,288.790009,274.922729
877,287.920013,288.630005,287.600006,288.570007,274.713287
878,286.779999,287.459991,286.01001,287.179993,273.390015
879,287.320007,287.76001,285.75,286.420013,272.666473
880,286.040009,286.230011,285.089996,285.970001,272.238098
881,284.700012,286.160004,284.399994,285.829987,272.104767
882,282.390015,282.839996,281.140015,282.480011,268.91568
883,280.350006,281.209991,279.070007,280.709991,267.230713
884,281.109985,281.76001,277.929993,279.649994,266.221558
885,280.98999,282.179993,279.559998,281.119995,267.620972
886,278.869995,280.190002,277.640015,279.040009,265.640869
887,283.220001,283.799988,279.179993,279.25,265.840759
888,280.640015,285.179993,280.589996,284.730011,271.057678
889,282.160004,283.5,280.320007,281.549988,268.030334
890,283.51001,284.359985,281.410004,282.399994,268.839569
891,281.549988,282.660004,281.299988,282.329987,268.772827
892,280.540009,282.209991,280.329987,281.309998,267.80191
893,281.369995,281.839996,280.670013,281.160004,266.485321
894,280.480011,282.380005,280.299988,281.339996,266.655853
895,279.059998,280.070007,278.850006,279.48999,264.902405
896,275.26001,278.619995,275.230011,278.440002,263.907318
897,272.940002,274.649994,272.420013,274.459991,260.134979
898,276.829987,276.98999,274.070007,275.01001,260.656311
899,279.149994,279.160004,276.970001,277.329987,262.855133
900,279.540009,279.76001,278.410004,279.019989,264.45694
901,281.600006,281.869995,276.839996,279.399994,264.817139
902,280.440002,280.880005,278.820007,280.420013,265.783905
903,278.959991,279.450012,278.320007,278.679993,264.134766
904,278.519989,279.589996,277.480011,279.200012,264.627563
905,279.130005,280.299988,278.899994,279.320007,264.741333
906,280.730011,281.309998,279.429993,279.519989,264.930847
907,278.109985,279.359985,277.399994,279.140015,264.57074
908,277.700012,278.100006,276.350006,277.420013,262.940491
909,277.809998,278.920013,277.25,278.410004,263.878815
910,276.480011,278.579987,276.470001,277.850006,263.348053
911,276.359985,277.410004,276.130005,277.369995,262.893066
912,273.779999,275.640015,272.869995,274.380005,260.059113
913,275.029999,275.929993,274.559998,274.98999,260.637268
914,272.420013,274.519989,272.339996,274.100006,259.793732
915,271.200012,271.48999,270.029999,270.619995,256.495361
916,268.75,270.579987,267.829987,270.470001,256.35321
917,270.940002,271.549988,268.290009,270.140015,256.040466
918,272.790009,273.339996,271.920013,272.73999,258.5047
919,272.440002,273.440002,271.880005,273.100006,258.846039
920,270.109985,272.029999,269.359985,271.959991,257.765442
921,270.149994,271.200012,269.179993,270.059998,255.9646
922,267.51001,270.470001,267.269989,269.929993,255.841385
923,265.100006,268.519989,264.25,267.579987,253.614029
924,263.920013,264.549988,262.480011,263.410004,249.661728
925,263.390015,263.829987,261.790009,263.76001,249.993439
926,265.609985,266.700012,263.660004,265.779999,251.90799
927,263.209991,264.200012,262.079987,263.549988,249.794403
928,264.01001,264.790009,260.660004,263.410004,249.661728
929,264.820007,265.059998,261.059998,262.859985,249.140411
930,264.980011,266.980011,263.0,266.459991,252.552521
931,260.01001,263.920013,259.959991,262.959991,249.235168
932,260.829987,261.970001,260.600006,260.980011,247.358566
933,257.820007,260.700012,257.809998,260.350006,246.761429
934,256.859985,258.299988,256.410004,257.399994,243.965393
935,257.679993,259.01001,257.029999,258.980011,245.462952
936,256.26001,259.160004,255.5,258.880005,245.368179
937,257.559998,258.910004,256.190002,257.970001,244.505646
938,256.820007,257.309998,254.0,256.769989,243.368286
939,252.690002,255.949997,251.690002,254.380005,241.103027
940,247.589996,253.110001,247.169998,252.389999,239.216858
941,248.229996,248.570007,243.669998,244.210007,231.463806
942,245.979996,251.210007,245.949997,250.179993,237.122223
943,249.559998,250.190002,247.470001,249.919998,236.875809
944,249.580002,251.399994,246.449997,247.75,234.819031
945,242.570007,248.289993,238.960007,248.070007,235.122314
946,235.970001,246.179993,233.759995,246.179993,233.331009
947,239.039993,240.839996,234.270004,234.339996,222.108948
948,246.740005,249.710007,239.979996,240.699997,228.137024
949,249.860001,251.619995,244.649994,247.169998,232.909241
950,255.169998,259.399994,249.350006,251.259995,236.763275
951,257.200012,257.950012,253.279999,255.080002,240.362839
952,259.399994,260.649994,253.529999,255.360001,240.626678
953,262.959991,264.029999,259.850006,260.470001,245.441849
954,266.519989,267.48999,264.119995,265.369995,250.059158
955,267.470001,269.0,265.369995,265.459991,250.143921
956,267.660004,267.869995,262.480011,264.130005,248.890732
957,263.369995,265.160004,258.619995,264.070007,248.834183
958,269.459991,271.220001,262.630005,263.570007,248.363007
959,265.920013,269.970001,262.440002,269.839996,254.271255
960,278.369995,278.850006,269.899994,270.25,254.657593
961,280.279999,280.399994,277.51001,279.299988,263.185486
962,273.809998,276.279999,273.450012,275.649994,259.746094
963,273.709991,275.549988,272.429993,273.980011,258.172455
964,269.600006,274.579987,268.329987,274.579987,258.737701
965,266.339996,268.399994,265.660004,268.399994,252.914383
966,265.779999,267.75,265.339996,267.5,252.066254
967,263.179993,264.820007,263.070007,263.25,248.061478
968,265.859985,267.149994,265.01001,265.019989,249.729355
969,265.359985,267.0,263.149994,264.119995,248.881287
970,273.049988,273.380005,268.070007,269.100006,253.573975
971,271.790009,274.75,271.209991,273.730011,257.936829
972,268.779999,273.540009,267.01001,273.019989,257.267792
973,274.160004,274.609985,268.450012,270.200012,254.610565
974,273.089996,275.329987,271.25,272.059998,256.363129
975,277.190002,277.459991,271.98999,272.570007,256.843781
976,279.029999,279.23999,276.179993,277.76001,261.734283
977,280.109985,281.220001,279.220001,280.5,264.316193
978,277.559998,281.100006,277.079987,281.01001,264.796814
979,273.320007,275.299988,273.25,275.119995,259.246643
980,272.440002,274.01001,271.350006,273.390015,257.616425
981,274.75,275.230011,269.589996,271.890015,256.203033
982,271.600006,273.730011,270.380005,273.51001,257.729523
983,270.649994,273.230011,270.119995,270.630005,255.015671
984,263.670013,268.119995,263.119995,267.769989,252.320694
985,268.799988,270.25,259.850006,263.859985,248.636261
986,265.920013,271.0,262.290009,265.329987,250.021469
987,267.380005,271.809998,266.230011,270.079987,254.497375
988,273.329987,273.76001,264.700012,265.320007,250.01207
989,270.950012,274.869995,268.609985,273.609985,257.8237
990,277.0,277.359985,274.410004,275.01001,259.143005
991,277.130005,279.299988,275.470001,276.25,260.311462
992,279.399994,280.070007,274.970001,276.399994,260.452759
993,280.440002,281.149994,277.559998,280.450012,264.269135
994,276.600006,280.820007,276.070007,280.399994,264.221985
995,275.549988,277.040009,274.299988,274.399994,258.568146
996,276.769989,277.089996,272.369995,275.950012,260.028778
997,277.079987,278.899994,270.359985,272.170013,256.466766
998,286.829987,286.910004,277.880005,278.299988,262.243134
999,287.390015,288.859985,286.769989,287.399994,270.818054
1000,287.049988,288.220001,285.5,287.820007,271.213867
1001,289.690002,290.269989,286.220001,287.820007,271.213867
1002,291.179993,291.23999,287.660004,289.440002,272.740387
1003,292.73999,293.209991,291.320007,291.720001,274.888885
1004,291.559998,292.359985,291.140015,291.559998,274.738068
1005,292.109985,292.929993,290.980011,291.730011,274.898315
1006,289.98999,291.279999,289.950012,290.720001,273.946564
1007,290.410004,291.910004,290.100006,290.690002,273.918304
1008,290.910004,292.23999,289.410004,289.880005,273.155029
1009,291.529999,291.649994,290.480011,290.75,273.974823
1010,291.339996,291.5,290.369995,291.019989,274.229248
1011,293.089996,293.220001,291.809998,291.98999,275.14328
1012,292.640015,293.940002,291.23999,293.579987,275.394867
1013,290.970001,291.690002,290.829987,291.220001,273.18103
1014,289.579987,291.579987,289.549988,290.910004,272.890228
1015,290.820007,290.859985,289.029999,289.339996,271.417542
1016,291.059998,291.269989,290.0,290.880005,272.862152
1017,290.320007,291.040009,290.0,290.829987,272.815216
1018,289.059998,289.799988,288.230011,289.119995,271.211151
1019,287.369995,289.549988,286.980011,289.049988,271.145508
1020,288.73999,289.040009,287.880005,288.100006,270.254333
1021,286.980011,288.700012,286.709991,287.600006,269.785309
1022,289.149994,289.48999,287.0,288.160004,270.310608
1023,289.410004,289.640015,287.890015,289.029999,271.126709
1024,289.839996,290.209991,288.679993,289.809998,271.858429
1025,289.839996,290.809998,289.290009,290.309998,272.327454
1026,290.940002,291.359985,289.630005,290.299988,272.318054
1027,290.160004,291.73999,289.890015,291.480011,273.425018
1028,290.299988,290.420013,289.399994,289.920013,271.961578
1029,288.859985,289.899994,288.679993,289.779999,271.830231
1030,286.440002,287.670013,286.380005,287.51001,269.700867
1031,285.970001,286.940002,285.429993,285.790009,268.087372
1032,285.880005,286.76001,285.579987,286.170013,268.44397
1033,286.25,287.309998,285.709991,286.339996,268.603302
1034,285.570007,285.970001,285.059998,285.670013,267.974823
1035,283.829987,285.559998,283.369995,285.059998,267.402618
1036,283.399994,285.040009,283.359985,284.059998,266.464661
1037,282.380005,282.540009,280.160004,281.779999,264.325867
1038,282.920013,284.170013,282.480011,283.899994,266.314575
1039,283.470001,284.160004,281.769989,282.100006,264.626038
1040,283.450012,284.059998,282.359985,283.160004,265.620331
1041,285.529999,285.970001,284.920013,285.070007,267.412048
1042,285.390015,285.910004,284.940002,285.459991,267.777832
1043,285.390015,286.01001,285.23999,285.579987,267.890411
1044,283.640015,284.98999,283.200012,284.640015,267.008667
1045,282.529999,283.660004,282.329987,283.600006,266.033142
1046,279.390015,282.579987,279.160004,282.390015,264.898071
1047,281.559998,282.130005,280.130005,280.859985,263.462769
1048,280.809998,282.019989,280.380005,281.329987,263.903625
1049,281.51001,281.690002,279.359985,279.950012,262.609161
1050,283.709991,283.820007,280.380005,281.420013,263.988098
1051,283.200012,284.109985,283.089996,283.339996,265.789215
1052,281.329987,284.369995,281.279999,284.01001,266.417816
1053,281.790009,282.559998,280.630005,281.609985,264.166321
1054,279.450012,280.429993,279.059998,280.200012,262.843658
1055,279.769989,280.480011,279.5,279.679993,262.355896
1056,280.309998,280.73999,279.459991,280.0,262.656036
1057,280.559998,281.179993,280.059998,281.059998,263.650421
1058,278.470001,280.910004,278.410004,280.470001,263.096924
1059,279.640015,279.799988,278.839996,279.339996,262.036896
1060,279.170013,279.929993,278.660004,279.589996,262.271454
1061,278.279999,279.429993,277.600006,279.369995,262.065094
1062,277.149994,278.040009,276.519989,276.859985,259.710602
1063,278.410004,279.01001,278.079987,278.899994,261.624115
1064,276.549988,277.959991,276.5,277.899994,260.686127
1065,273.140015,275.839996,272.709991,275.420013,258.359833
1066,272.170013,273.179993,270.959991,273.109985,256.192841
1067,272.869995,272.980011,270.420013,270.899994,254.11972
1068,269.51001,272.040009,269.23999,271.859985,255.020218
1069,272.119995,273.660004,271.149994,271.279999,254.476242
1070,269.290009,271.75,268.48999,270.890015,254.110413
1071,272.26001,273.869995,269.179993,269.350006,252.665802
1072,271.640015,272.559998,270.790009,271.600006,254.776398
1073,273.440002,273.619995,269.100006,271.0,254.213531
1074,275.660004,275.790009,274.48999,274.73999,257.721832
1075,275.959991,275.980011,273.679993,274.23999,257.252899
1076,276.269989,276.720001,275.589996,275.970001,258.875702
1077,274.0,275.75,273.529999,275.5,258.434814
1078,275.48999,276.700012,274.950012,276.559998,259.429169
1079,276.600006,277.51001,275.350006,277.130005,259.963806
1080,279.01001,279.329987,278.059998,278.730011,260.295929
1081,279.190002,279.480011,277.799988,278.029999,259.642212
1082,279.029999,279.329987,278.190002,278.920013,260.473328
1083,278.440002,279.369995,278.309998,278.559998,260.137115
1084,276.850006,278.25,276.660004,278.190002,259.791626
1085,277.950012,278.279999,276.339996,277.369995,259.025818
1086,275.790009,277.519989,275.089996,277.399994,259.053833
1087,275.049988,275.529999,274.179993,275.100006,256.905975
1088,274.529999,275.190002,274.26001,274.899994,256.719147
1089,272.410004,273.940002,272.329987,273.600006,255.505203
1090,272.149994,272.48999,270.26001,270.940002,253.021133
1091,270.5,273.109985,270.420013,272.609985,254.580627
1092,270.309998,271.170013,267.76001,269.019989,251.228058
1093,272.149994,272.859985,271.579987,272.149994,254.151062
1094,272.910004,273.220001,270.779999,272.799988,254.758133
1095,271.170013,273.390015,270.98999,273.359985,255.281067
1096,273.959991,274.25,272.23999,272.609985,254.580627
1097,273.01001,273.980011,272.570007,273.369995,255.290436
1098,271.619995,272.029999,270.929993,271.329987,253.385315
1099,271.940002,273.230011,271.130005,272.01001,254.020355
1100,271.140015,272.76001,271.109985,272.23999,254.235107
1101,271.589996,271.609985,270.029999,271.100006,253.170517
1102,273.339996,274.079987,272.359985,272.980011,254.926208
1103,272.160004,273.149994,271.579987,272.850006,254.804855
1104,270.339996,272.390015,270.220001,272.019989,254.029709
1105,267.679993,269.869995,267.089996,269.5,251.676315
1106,266.5,267.329987,265.149994,266.920013,249.266953
1107,266.890015,268.019989,266.109985,266.920013,249.266953
1108,261.519989,266.790009,261.149994,266.019989,248.426514
1109,262.26001,263.359985,259.049988,262.619995,245.251389
1110,264.76001,265.679993,262.76001,263.200012,245.793015
1111,263.869995,265.100006,262.109985,264.980011,247.455276
1112,267.26001,267.890015,264.429993,264.51001,247.016434
1113,267.0,267.339996,265.5,266.559998,248.930756
1114,264.790009,267.25,264.290009,266.309998,248.697296
1115,262.910004,264.130005,260.850006,263.630005,246.19458
1116,267.730011,267.980011,261.279999,262.980011,245.587509
1117,267.26001,267.890015,265.350006,266.570007,248.940125
1118,268.809998,269.059998,265.609985,266.609985,248.977463
1119,269.649994,269.880005,267.720001,268.890015,251.106689
1120,270.690002,271.299988,269.869995,270.390015,252.507584
1121,269.329987,270.869995,268.75,270.190002,252.320694
1122,267.0,268.200012,266.070007,267.329987,249.649872
1123,267.410004,267.540009,264.01001,265.149994,247.614059
1124,265.26001,267.0,265.059998,265.929993,248.342468
1125,263.470001,265.640015,263.390015,263.76001,246.315979
1126,264.269989,266.040009,262.980011,265.149994,247.614059
1127,261.369995,264.839996,259.940002,261.0,243.73848
1128,263.420013,265.109985,258.0,259.720001,242.543167
1129,265.549988,266.640015,264.320007,265.640015,248.071655
1130,256.75,264.359985,256.600006,263.559998,246.12915
1131,258.869995,261.309998,256.839996,260.769989,243.523712
1132,262.549988,263.130005,254.669998,257.470001,240.441956
1133,261.119995,265.26001,259.839996,263.149994,245.746307
1134,260.75,262.640015,258.579987,259.829987,242.645844
1135,266.170013,266.769989,258.839996,260.600006,243.36499
1136,262.130005,265.429993,259.410004,265.109985,247.57663
1137,264.170013,264.540009,257.829987,258.049988,240.983612
1138,267.910004,268.869995,263.359985,263.670013,246.231918
1139,270.899994,273.269989,270.190002,270.429993,252.544846
1140,270.940002,271.670013,270.179993,270.950012,253.030426
1141,273.350006,274.399994,268.619995,270.48999,252.6008
1142,274.5,275.390015,274.140015,274.200012,256.065582
1143,275.880005,276.609985,274.429993,275.0,255.788101
1144,277.809998,278.019989,274.670013,275.299988,256.067169
1145,279.839996,280.410004,276.029999,276.720001,257.388031
1146,279.200012,279.910004,278.079987,278.519989,259.062225
1147,275.700012,278.869995,275.339996,278.869995,259.387848
1148,273.549988,274.23999,272.420013,274.100006,254.950928
1149,270.420013,273.179993,270.200012,272.779999,253.723236
1150,273.299988,273.390015,271.179993,272.880005,253.816223
1151,267.730011,272.890015,267.609985,272.190002,253.174484
1152,265.799988,269.720001,264.820007,269.079987,250.281738
1153,271.410004,273.170013,266.0,267.700012,248.998154
1154,275.679993,276.190002,271.290009,271.649994,252.672165
1155,278.109985,278.920013,274.359985,274.429993,255.25798
1156,275.929993,278.01001,275.26001,277.899994,258.485535
1157,271.790009,274.709991,271.25,274.709991,255.518387
1158,271.100006,273.049988,269.640015,270.399994,251.509521
1159,271.899994,274.720001,269.940002,270.049988,251.183975
1160,272.029999,273.670013,270.5,271.399994,252.439651
1161,272.320007,275.320007,272.269989,273.109985,254.030197
1162,271.570007,273.040009,268.769989,273.029999,253.955795
1163,264.309998,270.0,264.299988,269.589996,250.756119
1164,263.970001,266.619995,263.309998,266.0,247.416916
1165,263.829987,267.01001,261.660004,265.339996,246.802963
1166,260.799988,263.609985,252.919998,261.5,243.231277
1167,268.01001,268.170013,257.589996,257.630005,239.631638
1168,268.5,272.359985,267.579987,267.670013,248.970261
1169,259.940002,269.700012,258.700012,269.130005,250.328217
1170,273.450012,275.850006,263.309998,263.929993,245.491455
1171,280.079987,280.230011,275.410004,275.450012,256.206726
1172,281.070007,283.059998,280.679993,281.579987,261.908447
1173,282.730011,283.299988,280.679993,281.899994,262.206085
1174,282.600006,284.73999,281.220001,281.76001,262.075958
1175,285.929993,286.429993,284.5,284.679993,264.79184
1176,284.25,286.630005,283.959991,286.579987,266.559143
1177,284.160004,284.269989,282.399994,283.299988,263.508301
1178,284.019989,284.700012,281.839996,283.179993,263.396606
1179,282.73999,283.619995,282.369995,283.290009,263.499054
1180,280.170013,282.690002,280.109985,282.690002,262.940948
1181,279.799988,280.410004,279.140015,280.410004,260.820221
1182,279.480011,279.959991,278.579987,279.140015,259.638916
1183,278.029999,280.049988,276.970001,279.609985,260.07605
1184,279.350006,280.089996,276.179993,276.970001,257.620514
1185,276.420013,278.109985,276.079987,277.920013,258.504211
1186,274.75,276.119995,274.559998,276.119995,256.829987
1187,273.679993,274.420013,272.920013,274.119995,254.96962
1188,274.399994,275.25,274.079987,274.540009,255.360291
1189,273.309998,274.100006,272.980011,273.920013,254.783585
1190,272.51001,273.559998,271.950012,273.420013,254.318527
1191,271.200012,272.160004,270.540009,271.609985,252.634964
1192,268.959991,270.640015,268.959991,270.470001,251.574631
1193,267.839996,268.809998,267.399994,268.769989,249.993408
1194,268.529999,268.549988,266.640015,266.859985,248.216766
1195,267.890015,267.920013,267.450012,267.869995,249.156219
1196,267.380005,267.730011,267.01001,267.320007,248.644699
1197,267.049988,267.440002,266.890015,267.190002,248.523773
1198,267.600006,267.640015,266.899994,267.51001,248.821411
1199,267.73999,268.390015,267.299988,267.579987,248.88649
1200,268.269989,268.329987,266.690002,267.029999,248.374908
1201,268.480011,268.529999,267.089996,267.170013,248.505157
1202,268.100006,268.600006,267.980011,268.200012,249.463165
1203,265.450012,267.040009,265.390015,266.51001,247.891251
1204,267.089996,267.220001,265.600006,265.660004,245.844025
1205,267.059998,267.559998,266.649994,266.75,246.852753
1206,267.209991,267.320007,266.350006,266.779999,246.880524
1207,266.309998,266.380005,265.480011,266.309998,246.445511
1208,265.160004,265.519989,264.029999,265.51001,245.705246
1209,264.070007,264.429993,262.940002,264.070007,244.372589
1210,263.299988,263.730011,262.709991,263.23999,243.604553
1211,263.190002,265.149994,263.040009,263.190002,243.558243
1212,266.309998,266.799988,264.079987,264.140015,244.437424
1213,264.76001,265.309998,260.76001,264.459991,244.733551
1214,263.76001,266.049988,263.670013,265.01001,245.242493
1215,263.019989,263.630005,262.200012,262.709991,243.114059
1216,260.76001,262.899994,260.649994,262.869995,243.262177
1217,260.410004,260.75,260.0,260.230011,240.819077
1218,260.320007,260.480011,260.160004,260.359985,240.939377
1219,260.0,260.149994,259.570007,259.76001,240.384155
1220,259.179993,260.200012,258.26001,259.98999,240.596939
1221,258.140015,258.519989,257.859985,258.299988,239.03299
1222,258.220001,258.589996,257.769989,257.859985,238.625824
1223,257.519989,259.040009,257.470001,258.619995,239.329132
1224,256.619995,257.220001,255.630005,256.440002,237.311752
1225,257.410004,257.850006,256.519989,257.730011,238.505554
1226,257.309998,258.589996,257.269989,258.329987,239.060745
1227,257.730011,258.290009,257.369995,258.089996,238.838684
1228,257.730011,258.390015,256.359985,258.170013,238.912735
1229,258.470001,259.220001,258.149994,259.109985,239.782562
1230,258.970001,259.350006,258.089996,258.670013,239.375427
1231,258.299988,259.0,258.220001,258.850006,239.542007
1232,257.769989,258.5,257.299988,258.450012,239.171844
1233,257.410004,257.75,256.190002,257.589996,238.375992
1234,258.040009,258.429993,257.070007,257.48999,238.283447
1235,257.179993,257.440002,256.809998,257.149994,237.968781
1236,256.470001,257.600006,256.410004,256.75,237.598648
1237,256.470001,257.890015,255.630005,257.709991,238.487
1238,255.990005,256.299988,255.479996,255.619995,236.552933
1239,256.179993,256.309998,254.0,255.289993,236.247574
1240,256.600006,256.829987,256.149994,256.559998,237.422806
1241,257.480011,257.51001,256.019989,256.109985,237.006348
1242,256.700012,257.140015,255.770004,257.109985,237.931763
1243,254.830002,255.830002,254.350006,255.789993,236.710251
1244,255.899994,255.949997,255.5,255.720001,236.645477
1245,255.229996,255.520004,254.979996,255.470001,236.414124
1246,255.210007,255.509995,254.820007,255.289993,236.247574
1247,255.139999,255.270004,254.639999,254.949997,235.932907
1248,254.660004,255.059998,254.369995,254.639999,235.646027
1249,254.509995,255.020004,254.320007,255.020004,235.997681
1250,254.600006,255.050003,253.979996,254.619995,235.627533
1251,254.630005,254.699997,253.649994,253.949997,235.007477
1252,254.149994,254.699997,253.850006,254.369995,235.396164
1253,253.539993,254.679993,253.199997,254.660004,235.664566
1254,252.690002,253.440002,252.559998,253.160004,234.276428
1255,252.320007,252.889999,252.229996,252.860001,233.99881
1256,251.490005,252.320007,251.289993,252.320007,233.499084
1257,250.339996,251.320007,250.130005,251.229996,232.490387